aan012,Nowak Andrzej
adamian,Damian Arkadiusz
adgraczy,Graczyk Adrian
aelbouja,El Boujarfaoui Abderrahim
agarel,Garel Alain
akolivuo,Kolivuori Antti
alrae,Alrae Leon
amthorat,Thorat Amol
anaisc,Corolleur Anais
awawrzyn,Wawrzyniak Arkadiusz
bancerow,Bancerowski Przemyslaw
bedla,Bedla Dawid
bellusch,Belluschi Mauro
berezows,Berezowski Dariusz
binhu,Hu Bing
bkalinow,Kalinowski Bartlomiej
blazejew,Blazejewski Piotr
bochenek,Bochenek Jacek
bogu,Gu Bofei
bpdt38,Wei Degeng
brozyna,Brozyna Piotr
carrara,Carrara Valeria
cassone,Cassone Davide
chanzhu,Zhu Changhua
cheqi,Qi Chengbin
chezou,Zou Chenglin
ckjv78,Sobas Pawel
c_lteulm,C Lteulm
congma,Ma Cong
dafd,D Cunha DAFNEY
daunis,Daunis Pavlo
david4,David Jean-Rene
dbgn37,Zhang Hui Tuan
dems12h5,Heu Nicolas
dems12h6,Kecht Gregor
dems14z5,Finn Lutz
dems1511,Goedecke Simon
dems1958,Tanzke Rüdiger
dems1997,Freyler Norbert
dems19a7,Kornas Christian
dems19e0,Zorn Marion
dems97e8,Meier Robert
demsk2q5,Seelmann Marco
demsp7s8,Eichel Sabine
demx1846,Zakharov Andrey
demx1894,Santiago Alvarez Jesus
demx19a3,Thorp Alexander
demxupd2,Oefelein Florian
demxvhp5,Duchonova Zita
demxyhc0,Rink Stefan
distolfa,Di Stolfa Felice
dmerk,Merk Daniel
drogi,Drogi Mateusz
f1shi,Shi Feng
f8liu,Liu Fei-Kevin
fangxinl,Liu Fangxin
fbiernat,Biernat Filip
fekovacs,Kovacs Ferenc
ferenc,Ferenc Jacek
fkovacs,Kovacs Ferenc
fontanes,Fontanesi Gianluca
fuxingp,Peng Fuxing
gangdl,Liu Gang
gashu,Shu Gang
gboissel,Boissel Guy
gczerwin,Czerwinski Grzegorz
ghido,Ghido Ferenc
giannett,Giannetto Diego
gl021603,Gesswein Lothar
glazor,Glazor Piotr
glequell,Le Quellenec Gurvan
gpx736,Zhang Shuyan
grbc37,Lasko Robert
guilche2,Guilcher Anthony
gzyl,Gzyl Kamil
h18wang,Wang hongwei
hfm487,Zhong Ping
hg038294,Hagenauer Georg
hkan,Kan Hongquan
hokang,Kang Hongyu
hongbolu, Luo Hongbo
icoutinh,Coutinho Ivan
ingielew,Ingielewicz Michal
j13ma,Ma Ju
j9wang,Wang Jinhua
janiemel,Niemela Jaakko
jdmn38,Chen Mingfeng
jenda,Jenda Marek
jhwp37,Pan Lifeng
jiandyan,Yang jiandong
jianjguo,Guo Jian
jiaoa,An Jiao
jiaxiang,Xiang Jian
jingqliu,Liu Jingqiao
jixiaop,Peng Jixiao
jlesauce,Le Sauce Julien
kabza,Kabza Grzegorz
kallisko,Kalliskota Sari
kapela,Kapela Katarzyna
kding,Ding Ke
kgrobeln,Grobelny Krzysztof
klonica,Klonica Marcin
kopec,Kopec Piotr
kosmal,Kosmal Norbert
kusiak,Kusiak Krzysztof
kzeitler,Zeitler Klaus
l16liu,Liu Liang
l1fang,Fang Lei
l22zhou,Zhou Liang
lagree1,La Gree Christian
lcecchin,Cecchini Luca
ldrozdz,Drozdz Lukasz
leilli,Li Leilei
leoliao,Liao leo
lepape2,Le Pape Olivier
lf0002c,Nietfeld Dieter
lf0005a,Janisch Gerhard
lgeng,Geng Liying
lgrimald,Grimaldi Leonardo
lgrobeln,Grobelny Lukasz
li00518,Schmidberger Elmar
li00655,Schulten Volker
li05882,Gregorian Christopher
li60914,Wahl Guenter
li64616,Hund Christoph
li73269,Reiners Carsten
li79058,Kaufmann Dieter
li84851,Jensen Michael
li93008,Winkler Arndt
lianbche,Chen Lianbing
lianzeng,Zeng Liang
liberott,Liberotti Marco
linid,Dai Lini
linpzhu,Zhu Linping
lintu,Tu linggang
linye,Ye Lingyun
lmarcink,Marcinowski Lukasz
ls21ada,Lehnert Uwe
ls21eee,Kerkhoff Juergen
lukaszcz,Lukaszczyk Klemens
lve000d,Schmidt Juergen Karl
lve002a,Schwab Andreas
lve032a,Fleischer Norbert
lvphacb,Notzon Christoph
m11wang,Wang Min
m1kankaa,Kankaanpaa Mikko
mabielec,Bielecki Mateusz
mabraysy,Braysy Matti
malecki,Malecki Jakub
malighet,Malighetti Marco
manttari,Manttari Tommi
maslach,Maslach Bartosz
mazur,Mazur Lukasz
mconcepc,Concepcion Marc
mdus,Dus Marcin
meritxec,Cabezas Lopez Meritxell
mferenc,Mak Ferenc
mgarncar,Garncarek Marcin
micollet,Collet Mikael
mihakala,Hakala Mikko
minwang,Wang Min
miwang,Wang Michael
mkosior,Kosior Mateusz
mkupczak,Kupczak Maciej
mojza,Mojza Henryk
mpatro,Patro Maciej
mpekkari,Pekkarinen Marko
ms062157,Mayr Sylvester
mt01c04,Schonhoff Frank
mt03a07,Kindsvater Rainer
nlenillo,Le Nillon Nicolas
osmaczko,Osmaczko Patryk
palys,Palys Damian
pchabink,Chabinka Piotr
pficek,Ficek Pawel
piekarz,Piekarz Arkadiusz
pikowalc,Kowalczyk Piotr
pikwiatk,Kwiatkowski Piotr
pilka,Pilka Dariusz
pjablons,Jablonski Pawel
pjozwik,Jozwik Pawel
pkonior,Konior Piotr
pkowalew,Kowalewski Patryk
plaszcza,Plaszczak Michal
pojnar,Pojnar Patryk
porro,Porro Raffaella
priser1,Priser Patrick
pt104630,Alves Da Cunha Rui
ptaszkow,Ptaszkowski Dariusz
pushi,Shi Pucheng
q19384,Zhou Joseph
qilhu,Hu Qiliang
qiliang,Liang Qingquan
qiulhuan,Huang Qiulan
qiushaz,Zhang Qiusha
qiyyu,Yu Qiyan
qizhao,Zhao Qinyu
qpmf86,Chrobak Hubert
ragonesi,Ragonesi Eric
rdudek,Dudek Roland
ropartz3,Ropartz Benoit
rosol,Rosol Mateusz
rzeznicz,Rzezniczak Jakub
sacao,Cao Sai
sadlik,Sadlik Jakub
samulak,Samulak Pawel
sapelleg,Pellegrini Sahel
schembri,Schembri Alessandro
shaokaih,Hu Shaokai
shouzhou,Zhou Shouyuan
sikorski,Sikorski Mariusz
skorupa,Skorupa Bartosz
slebezvo,Le Bezvoet Samuel
sli019,Li Shu
sliao,Liao Shuangping
slotrian,Lotrian Steven
smacias,Macias Stanislaw
songchag,Gu Songchao
sszczeci,Szczecina Sebastian
stephanv,Vigouroux Stephane
steplews,Steplewski Piotr
stopyra,Stopyra Pawel
sweng,Weng Shiqiang-Tommy
sylebiha,Le Bihan Sylvain
talei,Lei Tao
teferi,Teferi Simon
tetich,Tetich Alan
tinggao,Gao Ting
tjk473,Shen Anmin
tkulik,Kulik Tomasz
tokarppi,Karppinen Toni
tonderys,Tonderys Szymon
tpaimpar,Paimparay Theophile
tsalmela,Salmela Topi
twck78,Olejniczak Tomasz
usui,Usui Atsushi
vfarag,Farag Viola
vimantyl,Mantyla Ville
viwu,Wu Vincent
vrichter,Richter Vivian
wdudek,Dudek Wojciech
weiqchen,Chen Weiqiang
weiyanh,He Weiyan
wenjuxu,Xu Wenjun
wiyuan,Yuan Willy
wshen005,Shen Wei E
x8zhu,Zhu Xiao
xiaosu,Su Xiaolong
xinqi,Qi Xinli
xinyzhan,Zhang Xinyi
xiongyud,Du Xiongyu
xiuyang,Yang Xiujing
xixliu,Liu xixi
xvk836,Chen loong
yanqingg,Gong Yanqing
yawzheng,Zheng Yawei
yefei,Li redmond
yifang,Fang Yi Xin
yjin011,Jin Ying
yondong,Dong Yong de
yuahe,He Yuansong
yuaxie,Xie Yuanying
yugqiao,Qiao Yuguo
yuil,Liu Yu
yutingaw,Wang Yuting A
zhenyus,Sun Zhenyu
zhiganfz,Zhang Zhigang F
zhiljian,Jiang Zhilong
zhouleih,Huang Zhoulei
zicari,Zicari Nicola
ziji,Ji ziying
ziora,Ziora Jacek
zmuda,Zmuda Justyna
zulewski,Zulewski Kamil
